{
  "parent": "minecraft:item/generated",
  "textures": {
    "layer0": "minecraft:item/iron_nugget"
  },
  "overrides": [
        {
            "predicate": {
                "custom_model_data": 1
            },
            "model": "item/icon_aperture"
        },
        {
            "predicate": {
                "custom_model_data": 2
            },
            "model": "item/icon_speed"
        },
        {
            "predicate": {
                "custom_model_data": 3
            },
            "model": "item/icon_tunneller"
        },
        {
            "predicate": {
                "custom_model_data": 4
            },
            "model": "item/icon_abu"
        },
        {
            "predicate": {
                "custom_model_data": 5
            },
            "model": "item/icon_cake"
        }
    ]
}
