{
  "parent": "minecraft:item/template_music_disc",
  "textures": {
    "layer0": "minecraft:item/music_disc_11"
  },
  "overrides": [
        {
            "predicate": {
                "custom_model_data": 1
            },
            "model": "item/music_disc_radio"
        },
        {
            "predicate": {
                "custom_model_data": 2
            },
            "model": "item/music_disc_stillalive"
        },
        {
            "predicate": {
                "custom_model_data": 3
            },
            "model": "item/music_disc_wantyougone"
        },
        {
            "predicate": {
                "custom_model_data": 4
            },
            "model": "item/music_disc_caramia"
        },
        {
            "predicate": {
                "custom_model_data": 5
            },
            "model": "item/music_disc_bluesky"
        },
        {
            "predicate": {
                "custom_model_data": 6
            },
            "model": "item/music_disc_requiem"
        },
        {
            "predicate": {
                "custom_model_data": 7
            },
            "model": "item/music_disc_serenade"
        },
        {
            "predicate": {
                "custom_model_data": 8
            },
            "model": "item/music_disc_vilify"
        }
    ]
}
