[
 {
   "Total experience": "Erratic",
   "FIELD2": "Fast",
   "To next level": "Medium Fast",
   "FIELD4": "Medium Slow",
   "FIELD5": "Slow",
   "FIELD6": "Fluctu-\nating",
   "FIELD7": "Level",
   "FIELD8": "Erratic",
   "FIELD9": "Fast",
   "FIELD10": "Medium Fast",
   "FIELD11": "Medium Slow",
   "FIELD12": "Slow",
   "FIELD13": "Fluctu-\nating"
 },
 {
   "Total experience": "0",
   "FIELD2": "0",
   "To next level": "0",
   "FIELD4": "0",
   "FIELD5": "0",
   "FIELD6": "0",
   "FIELD7": "1",
   "FIELD8": "15",
   "FIELD9": "6",
   "FIELD10": "8",
   "FIELD11": "9",
   "FIELD12": "10",
   "FIELD13": "4"
 },
 {
   "Total experience": "15",
   "FIELD2": "6",
   "To next level": "8",
   "FIELD4": "9",
   "FIELD5": "10",
   "FIELD6": "4",
   "FIELD7": "2",
   "FIELD8": "37",
   "FIELD9": "15",
   "FIELD10": "19",
   "FIELD11": "48",
   "FIELD12": "23",
   "FIELD13": "9"
 },
 {
   "Total experience": "52",
   "FIELD2": "21",
   "To next level": "27",
   "FIELD4": "57",
   "FIELD5": "33",
   "FIELD6": "13",
   "FIELD7": "3",
   "FIELD8": "70",
   "FIELD9": "30",
   "FIELD10": "37",
   "FIELD11": "39",
   "FIELD12": "47",
   "FIELD13": "19"
 },
 {
   "Total experience": "122",
   "FIELD2": "51",
   "To next level": "64",
   "FIELD4": "96",
   "FIELD5": "80",
   "FIELD6": "32",
   "FIELD7": "4",
   "FIELD8": "115",
   "FIELD9": "49",
   "FIELD10": "61",
   "FIELD11": "39",
   "FIELD12": "76",
   "FIELD13": "33"
 },
 {
   "Total experience": "237",
   "FIELD2": "100",
   "To next level": "125",
   "FIELD4": "135",
   "FIELD5": "156",
   "FIELD6": "65",
   "FIELD7": "5",
   "FIELD8": "169",
   "FIELD9": "72",
   "FIELD10": "91",
   "FIELD11": "44",
   "FIELD12": "114",
   "FIELD13": "47"
 },
 {
   "Total experience": "406",
   "FIELD2": "172",
   "To next level": "216",
   "FIELD4": "179",
   "FIELD5": "270",
   "FIELD6": "112",
   "FIELD7": "6",
   "FIELD8": "231",
   "FIELD9": "102",
   "FIELD10": "127",
   "FIELD11": "57",
   "FIELD12": "158",
   "FIELD13": "66"
 },
 {
   "Total experience": "637",
   "FIELD2": "274",
   "To next level": "343",
   "FIELD4": "236",
   "FIELD5": "428",
   "FIELD6": "178",
   "FIELD7": "7",
   "FIELD8": "305",
   "FIELD9": "135",
   "FIELD10": "169",
   "FIELD11": "78",
   "FIELD12": "212",
   "FIELD13": "98"
 },
 {
   "Total experience": "942",
   "FIELD2": "409",
   "To next level": "512",
   "FIELD4": "314",
   "FIELD5": "640",
   "FIELD6": "276",
   "FIELD7": "8",
   "FIELD8": "384",
   "FIELD9": "174",
   "FIELD10": "217",
   "FIELD11": "105",
   "FIELD12": "271",
   "FIELD13": "117"
 },
 {
   "Total experience": "1,326",
   "FIELD2": "583",
   "To next level": "729",
   "FIELD4": "419",
   "FIELD5": "911",
   "FIELD6": "393",
   "FIELD7": "9",
   "FIELD8": "474",
   "FIELD9": "217",
   "FIELD10": "271",
   "FIELD11": "141",
   "FIELD12": "339",
   "FIELD13": "147"
 },
 {
   "Total experience": "1,800",
   "FIELD2": "800",
   "To next level": "1,000",
   "FIELD4": "560",
   "FIELD5": "1,250",
   "FIELD6": "540",
   "FIELD7": "10",
   "FIELD8": "569",
   "FIELD9": "264",
   "FIELD10": "331",
   "FIELD11": "182",
   "FIELD12": "413",
   "FIELD13": "205"
 },
 {
   "Total experience": "2,369",
   "FIELD2": "1,064",
   "To next level": "1,331",
   "FIELD4": "742",
   "FIELD5": "1,663",
   "FIELD6": "745",
   "FIELD7": "11",
   "FIELD8": "672",
   "FIELD9": "318",
   "FIELD10": "397",
   "FIELD11": "231",
   "FIELD12": "497",
   "FIELD13": "222"
 },
 {
   "Total experience": "3,041",
   "FIELD2": "1,382",
   "To next level": "1,728",
   "FIELD4": "973",
   "FIELD5": "2,160",
   "FIELD6": "967",
   "FIELD7": "12",
   "FIELD8": "781",
   "FIELD9": "375",
   "FIELD10": "469",
   "FIELD11": "288",
   "FIELD12": "586",
   "FIELD13": "263"
 },
 {
   "Total experience": "3,822",
   "FIELD2": "1,757",
   "To next level": "2,197",
   "FIELD4": "1,261",
   "FIELD5": "2,746",
   "FIELD6": "1,230",
   "FIELD7": "13",
   "FIELD8": "897",
   "FIELD9": "438",
   "FIELD10": "547",
   "FIELD11": "351",
   "FIELD12": "684",
   "FIELD13": "361"
 },
 {
   "Total experience": "4,719",
   "FIELD2": "2,195",
   "To next level": "2,744",
   "FIELD4": "1,612",
   "FIELD5": "3,430",
   "FIELD6": "1,591",
   "FIELD7": "14",
   "FIELD8": "1,018",
   "FIELD9": "505",
   "FIELD10": "631",
   "FIELD11": "423",
   "FIELD12": "788",
   "FIELD13": "366"
 },
 {
   "Total experience": "5,737",
   "FIELD2": "2,700",
   "To next level": "3,375",
   "FIELD4": "2,035",
   "FIELD5": "4,218",
   "FIELD6": "1,957",
   "FIELD7": "15",
   "FIELD8": "1,144",
   "FIELD9": "576",
   "FIELD10": "721",
   "FIELD11": "500",
   "FIELD12": "902",
   "FIELD13": "500"
 },
 {
   "Total experience": "6,881",
   "FIELD2": "3,276",
   "To next level": "4,096",
   "FIELD4": "2,535",
   "FIELD5": "5,120",
   "FIELD6": "2,457",
   "FIELD7": "16",
   "FIELD8": "1,274",
   "FIELD9": "654",
   "FIELD10": "817",
   "FIELD11": "585",
   "FIELD12": "1,021",
   "FIELD13": "589"
 },
 {
   "Total experience": "8,155",
   "FIELD2": "3,930",
   "To next level": "4,913",
   "FIELD4": "3,120",
   "FIELD5": "6,141",
   "FIELD6": "3,046",
   "FIELD7": "17",
   "FIELD8": "1,409",
   "FIELD9": "735",
   "FIELD10": "919",
   "FIELD11": "678",
   "FIELD12": "1,149",
   "FIELD13": "686"
 },
 {
   "Total experience": "9,564",
   "FIELD2": "4,665",
   "To next level": "5,832",
   "FIELD4": "3,798",
   "FIELD5": "7,290",
   "FIELD6": "3,732",
   "FIELD7": "18",
   "FIELD8": "1,547",
   "FIELD9": "822",
   "FIELD10": "1,027",
   "FIELD11": "777",
   "FIELD12": "1,283",
   "FIELD13": "794"
 },
 {
   "Total experience": "11,111",
   "FIELD2": "5,487",
   "To next level": "6,859",
   "FIELD4": "4,575",
   "FIELD5": "8,573",
   "FIELD6": "4,526",
   "FIELD7": "19",
   "FIELD8": "1,689",
   "FIELD9": "913",
   "FIELD10": "1,141",
   "FIELD11": "885",
   "FIELD12": "1,427",
   "FIELD13": "914"
 },
 {
   "Total experience": "12,800",
   "FIELD2": "6,400",
   "To next level": "8,000",
   "FIELD4": "5,460",
   "FIELD5": "10,000",
   "FIELD6": "5,440",
   "FIELD7": "20",
   "FIELD8": "1,832",
   "FIELD9": "1,008",
   "FIELD10": "1,261",
   "FIELD11": "998",
   "FIELD12": "1,576",
   "FIELD13": "1,042"
 },
 {
   "Total experience": "14,632",
   "FIELD2": "7,408",
   "To next level": "9,261",
   "FIELD4": "6,458",
   "FIELD5": "11,576",
   "FIELD6": "6,482",
   "FIELD7": "21",
   "FIELD8": "1,978",
   "FIELD9": "1,110",
   "FIELD10": "1,387",
   "FIELD11": "1,119",
   "FIELD12": "1,734",
   "FIELD13": "1,184"
 },
 {
   "Total experience": "16,610",
   "FIELD2": "8,518",
   "To next level": "10,648",
   "FIELD4": "7,577",
   "FIELD5": "13,310",
   "FIELD6": "7,666",
   "FIELD7": "22",
   "FIELD8": "2,127",
   "FIELD9": "1,215",
   "FIELD10": "1,519",
   "FIELD11": "1,248",
   "FIELD12": "1,898",
   "FIELD13": "1,337"
 },
 {
   "Total experience": "18,737",
   "FIELD2": "9,733",
   "To next level": "12,167",
   "FIELD4": "8,825",
   "FIELD5": "15,208",
   "FIELD6": "9,003",
   "FIELD7": "23",
   "FIELD8": "2,275",
   "FIELD9": "1,326",
   "FIELD10": "1,657",
   "FIELD11": "1,383",
   "FIELD12": "2,072",
   "FIELD13": "1,503"
 },
 {
   "Total experience": "21,012",
   "FIELD2": "11,059",
   "To next level": "13,824",
   "FIELD4": "10,208",
   "FIELD5": "17,280",
   "FIELD6": "10,506",
   "FIELD7": "24",
   "FIELD8": "2,425",
   "FIELD9": "1,441",
   "FIELD10": "1,801",
   "FIELD11": "1,527",
   "FIELD12": "2,251",
   "FIELD13": "1,681"
 },
 {
   "Total experience": "23,437",
   "FIELD2": "12,500",
   "To next level": "15,625",
   "FIELD4": "11,735",
   "FIELD5": "19,531",
   "FIELD6": "12,187",
   "FIELD7": "25",
   "FIELD8": "2,575",
   "FIELD9": "1,560",
   "FIELD10": "1,951",
   "FIELD11": "1,676",
   "FIELD12": "2,439",
   "FIELD13": "1,873"
 },
 {
   "Total experience": "26,012",
   "FIELD2": "14,060",
   "To next level": "17,576",
   "FIELD4": "13,411",
   "FIELD5": "21,970",
   "FIELD6": "14,060",
   "FIELD7": "26",
   "FIELD8": "2,725",
   "FIELD9": "1,686",
   "FIELD10": "2,107",
   "FIELD11": "1,833",
   "FIELD12": "2,633",
   "FIELD13": "2,080"
 },
 {
   "Total experience": "28,737",
   "FIELD2": "15,746",
   "To next level": "19,683",
   "FIELD4": "15,244",
   "FIELD5": "24,603",
   "FIELD6": "16,140",
   "FIELD7": "27",
   "FIELD8": "2,873",
   "FIELD9": "1,815",
   "FIELD10": "2,269",
   "FIELD11": "1,998",
   "FIELD12": "2,837",
   "FIELD13": "2,299"
 },
 {
   "Total experience": "31,610",
   "FIELD2": "17,561",
   "To next level": "21,952",
   "FIELD4": "17,242",
   "FIELD5": "27,440",
   "FIELD6": "18,439",
   "FIELD7": "28",
   "FIELD8": "3,022",
   "FIELD9": "1,950",
   "FIELD10": "2,437",
   "FIELD11": "2,169",
   "FIELD12": "3,046",
   "FIELD13": "2,535"
 },
 {
   "Total experience": "34,632",
   "FIELD2": "19,511",
   "To next level": "24,389",
   "FIELD4": "19,411",
   "FIELD5": "30,486",
   "FIELD6": "20,974",
   "FIELD7": "29",
   "FIELD8": "3,168",
   "FIELD9": "2,089",
   "FIELD10": "2,611",
   "FIELD11": "2,349",
   "FIELD12": "3,264",
   "FIELD13": "2,786"
 },
 {
   "Total experience": "37,800",
   "FIELD2": "21,600",
   "To next level": "27,000",
   "FIELD4": "21,760",
   "FIELD5": "33,750",
   "FIELD6": "23,760",
   "FIELD7": "30",
   "FIELD8": "3,311",
   "FIELD9": "2,232",
   "FIELD10": "2,791",
   "FIELD11": "2,534",
   "FIELD12": "3,488",
   "FIELD13": "3,051"
 },
 {
   "Total experience": "41,111",
   "FIELD2": "23,832",
   "To next level": "29,791",
   "FIELD4": "24,294",
   "FIELD5": "37,238",
   "FIELD6": "26,811",
   "FIELD7": "31",
   "FIELD8": "3,453",
   "FIELD9": "2,382",
   "FIELD10": "2,977",
   "FIELD11": "2,727",
   "FIELD12": "3,722",
   "FIELD13": "3,335"
 },
 {
   "Total experience": "44,564",
   "FIELD2": "26,214",
   "To next level": "32,768",
   "FIELD4": "27,021",
   "FIELD5": "40,960",
   "FIELD6": "30,146",
   "FIELD7": "32",
   "FIELD8": "3,591",
   "FIELD9": "2,535",
   "FIELD10": "3,169",
   "FIELD11": "2,928",
   "FIELD12": "3,961",
   "FIELD13": "3,634"
 },
 {
   "Total experience": "48,155",
   "FIELD2": "28,749",
   "To next level": "35,937",
   "FIELD4": "29,949",
   "FIELD5": "44,921",
   "FIELD6": "33,780",
   "FIELD7": "33",
   "FIELD8": "3,726",
   "FIELD9": "2,694",
   "FIELD10": "3,367",
   "FIELD11": "3,135",
   "FIELD12": "4,209",
   "FIELD13": "3,951"
 },
 {
   "Total experience": "51,881",
   "FIELD2": "31,443",
   "To next level": "39,304",
   "FIELD4": "33,084",
   "FIELD5": "49,130",
   "FIELD6": "37,731",
   "FIELD7": "34",
   "FIELD8": "3,856",
   "FIELD9": "2,857",
   "FIELD10": "3,571",
   "FIELD11": "3,351",
   "FIELD12": "4,463",
   "FIELD13": "4,286"
 },
 {
   "Total experience": "55,737",
   "FIELD2": "34,300",
   "To next level": "42,875",
   "FIELD4": "36,435",
   "FIELD5": "53,593",
   "FIELD6": "42,017",
   "FIELD7": "35",
   "FIELD8": "3,982",
   "FIELD9": "3,024",
   "FIELD10": "3,781",
   "FIELD11": "3,572",
   "FIELD12": "4,727",
   "FIELD13": "4,639"
 },
 {
   "Total experience": "59,719",
   "FIELD2": "37,324",
   "To next level": "46,656",
   "FIELD4": "40,007",
   "FIELD5": "58,320",
   "FIELD6": "46,656",
   "FIELD7": "36",
   "FIELD8": "4,103",
   "FIELD9": "3,198",
   "FIELD10": "3,997",
   "FIELD11": "3,801",
   "FIELD12": "4,996",
   "FIELD13": "3,997"
 },
 {
   "Total experience": "63,822",
   "FIELD2": "40,522",
   "To next level": "50,653",
   "FIELD4": "43,808",
   "FIELD5": "63,316",
   "FIELD6": "50,653",
   "FIELD7": "37",
   "FIELD8": "4,219",
   "FIELD9": "3,375",
   "FIELD10": "4,219",
   "FIELD11": "4,038",
   "FIELD12": "5,274",
   "FIELD13": "5,316"
 },
 {
   "Total experience": "68,041",
   "FIELD2": "43,897",
   "To next level": "54,872",
   "FIELD4": "47,846",
   "FIELD5": "68,590",
   "FIELD6": "55,969",
   "FIELD7": "38",
   "FIELD8": "4,328",
   "FIELD9": "3,558",
   "FIELD10": "4,447",
   "FIELD11": "4,281",
   "FIELD12": "5,558",
   "FIELD13": "4,536"
 },
 {
   "Total experience": "72,369",
   "FIELD2": "47,455",
   "To next level": "59,319",
   "FIELD4": "52,127",
   "FIELD5": "74,148",
   "FIELD6": "60,505",
   "FIELD7": "39",
   "FIELD8": "4,431",
   "FIELD9": "3,745",
   "FIELD10": "4,681",
   "FIELD11": "4,533",
   "FIELD12": "5,852",
   "FIELD13": "6,055"
 },
 {
   "Total experience": "76,800",
   "FIELD2": "51,200",
   "To next level": "64,000",
   "FIELD4": "56,660",
   "FIELD5": "80,000",
   "FIELD6": "66,560",
   "FIELD7": "40",
   "FIELD8": "4,526",
   "FIELD9": "3,936",
   "FIELD10": "4,921",
   "FIELD11": "4,790",
   "FIELD12": "6,151",
   "FIELD13": "5,117"
 },
 {
   "Total experience": "81,326",
   "FIELD2": "55,136",
   "To next level": "68,921",
   "FIELD4": "61,450",
   "FIELD5": "86,151",
   "FIELD6": "71,677",
   "FIELD7": "41",
   "FIELD8": "4,616",
   "FIELD9": "4,134",
   "FIELD10": "5,167",
   "FIELD11": "5,055",
   "FIELD12": "6,459",
   "FIELD13": "6,856"
 },
 {
   "Total experience": "85,942",
   "FIELD2": "59,270",
   "To next level": "74,088",
   "FIELD4": "66,505",
   "FIELD5": "92,610",
   "FIELD6": "78,533",
   "FIELD7": "42",
   "FIELD8": "4,695",
   "FIELD9": "4,335",
   "FIELD10": "5,419",
   "FIELD11": "5,328",
   "FIELD12": "6,773",
   "FIELD13": "5,744"
 },
 {
   "Total experience": "90,637",
   "FIELD2": "63,605",
   "To next level": "79,507",
   "FIELD4": "71,833",
   "FIELD5": "99,383",
   "FIELD6": "84,277",
   "FIELD7": "43",
   "FIELD8": "4,769",
   "FIELD9": "4,542",
   "FIELD10": "5,677",
   "FIELD11": "5,607",
   "FIELD12": "7,097",
   "FIELD13": "7,721"
 },
 {
   "Total experience": "95,406",
   "FIELD2": "68,147",
   "To next level": "85,184",
   "FIELD4": "77,440",
   "FIELD5": "106,480",
   "FIELD6": "91,998",
   "FIELD7": "44",
   "FIELD8": "4,831",
   "FIELD9": "4,753",
   "FIELD10": "5,941",
   "FIELD11": "5,895",
   "FIELD12": "7,426",
   "FIELD13": "6,417"
 },
 {
   "Total experience": "100,237",
   "FIELD2": "72,900",
   "To next level": "91,125",
   "FIELD4": "83,335",
   "FIELD5": "113,906",
   "FIELD6": "98,415",
   "FIELD7": "45",
   "FIELD8": "4,885",
   "FIELD9": "4,968",
   "FIELD10": "6,211",
   "FIELD11": "6,188",
   "FIELD12": "7,764",
   "FIELD13": "8,654"
 },
 {
   "Total experience": "105,122",
   "FIELD2": "77,868",
   "To next level": "97,336",
   "FIELD4": "89,523",
   "FIELD5": "121,670",
   "FIELD6": "107,069",
   "FIELD7": "46",
   "FIELD8": "4,930",
   "FIELD9": "5,190",
   "FIELD10": "6,487",
   "FIELD11": "6,489",
   "FIELD12": "8,108",
   "FIELD13": "7,136"
 },
 {
   "Total experience": "110,052",
   "FIELD2": "83,058",
   "To next level": "103,823",
   "FIELD4": "96,012",
   "FIELD5": "129,778",
   "FIELD6": "114,205",
   "FIELD7": "47",
   "FIELD8": "4,963",
   "FIELD9": "5,415",
   "FIELD10": "6,769",
   "FIELD11": "6,798",
   "FIELD12": "8,462",
   "FIELD13": "9,658"
 },
 {
   "Total experience": "115,015",
   "FIELD2": "88,473",
   "To next level": "110,592",
   "FIELD4": "102,810",
   "FIELD5": "138,240",
   "FIELD6": "123,863",
   "FIELD7": "48",
   "FIELD8": "4,986",
   "FIELD9": "5,646",
   "FIELD10": "7,057",
   "FIELD11": "7,113",
   "FIELD12": "8,821",
   "FIELD13": "7,903"
 },
 {
   "Total experience": "120,001",
   "FIELD2": "94,119",
   "To next level": "117,649",
   "FIELD4": "109,923",
   "FIELD5": "147,061",
   "FIELD6": "131,766",
   "FIELD7": "49",
   "FIELD8": "4,999",
   "FIELD9": "5,881",
   "FIELD10": "7,351",
   "FIELD11": "7,437",
   "FIELD12": "9,189",
   "FIELD13": "10,734"
 },
 {
   "Total experience": "125,000",
   "FIELD2": "100,000",
   "To next level": "125,000",
   "FIELD4": "117,360",
   "FIELD5": "156,250",
   "FIELD6": "142,500",
   "FIELD7": "50",
   "FIELD8": "6,324",
   "FIELD9": "6,120",
   "FIELD10": "7,651",
   "FIELD11": "7,766",
   "FIELD12": "9,563",
   "FIELD13": "8,722"
 },
 {
   "Total experience": "131,324",
   "FIELD2": "106,120",
   "To next level": "132,651",
   "FIELD4": "125,126",
   "FIELD5": "165,813",
   "FIELD6": "151,222",
   "FIELD7": "51",
   "FIELD8": "6,471",
   "FIELD9": "6,366",
   "FIELD10": "7,957",
   "FIELD11": "8,103",
   "FIELD12": "9,947",
   "FIELD13": "11,883"
 },
 {
   "Total experience": "137,795",
   "FIELD2": "112,486",
   "To next level": "140,608",
   "FIELD4": "133,229",
   "FIELD5": "175,760",
   "FIELD6": "163,105",
   "FIELD7": "52",
   "FIELD8": "6,615",
   "FIELD9": "6,615",
   "FIELD10": "8,269",
   "FIELD11": "8,448",
   "FIELD12": "10,336",
   "FIELD13": "9,592"
 },
 {
   "Total experience": "144,410",
   "FIELD2": "119,101",
   "To next level": "148,877",
   "FIELD4": "141,677",
   "FIELD5": "186,096",
   "FIELD6": "172,697",
   "FIELD7": "53",
   "FIELD8": "6,755",
   "FIELD9": "6,870",
   "FIELD10": "8,587",
   "FIELD11": "8,799",
   "FIELD12": "10,734",
   "FIELD13": "13,110"
 },
 {
   "Total experience": "151,165",
   "FIELD2": "125,971",
   "To next level": "157,464",
   "FIELD4": "150,476",
   "FIELD5": "196,830",
   "FIELD6": "185,807",
   "FIELD7": "54",
   "FIELD8": "6,891",
   "FIELD9": "7,129",
   "FIELD10": "8,911",
   "FIELD11": "9,159",
   "FIELD12": "11,138",
   "FIELD13": "10,515"
 },
 {
   "Total experience": "158,056",
   "FIELD2": "133,100",
   "To next level": "166,375",
   "FIELD4": "159,635",
   "FIELD5": "207,968",
   "FIELD6": "196,322",
   "FIELD7": "55",
   "FIELD8": "7,023",
   "FIELD9": "7,392",
   "FIELD10": "9,241",
   "FIELD11": "9,524",
   "FIELD12": "11,552",
   "FIELD13": "14,417"
 },
 {
   "Total experience": "165,079",
   "FIELD2": "140,492",
   "To next level": "175,616",
   "FIELD4": "169,159",
   "FIELD5": "219,520",
   "FIELD6": "210,739",
   "FIELD7": "56",
   "FIELD8": "7,150",
   "FIELD9": "7,662",
   "FIELD10": "9,577",
   "FIELD11": "9,897",
   "FIELD12": "11,971",
   "FIELD13": "11,492"
 },
 {
   "Total experience": "172,229",
   "FIELD2": "148,154",
   "To next level": "185,193",
   "FIELD4": "179,056",
   "FIELD5": "231,491",
   "FIELD6": "222,231",
   "FIELD7": "57",
   "FIELD8": "7,274",
   "FIELD9": "7,935",
   "FIELD10": "9,919",
   "FIELD11": "10,278",
   "FIELD12": "12,399",
   "FIELD13": "15,805"
 },
 {
   "Total experience": "179,503",
   "FIELD2": "156,089",
   "To next level": "195,112",
   "FIELD4": "189,334",
   "FIELD5": "243,890",
   "FIELD6": "238,036",
   "FIELD7": "58",
   "FIELD8": "7,391",
   "FIELD9": "8,214",
   "FIELD10": "10,267",
   "FIELD11": "10,665",
   "FIELD12": "12,833",
   "FIELD13": "12,526"
 },
 {
   "Total experience": "186,894",
   "FIELD2": "164,303",
   "To next level": "205,379",
   "FIELD4": "199,999",
   "FIELD5": "256,723",
   "FIELD6": "250,562",
   "FIELD7": "59",
   "FIELD8": "7,506",
   "FIELD9": "8,497",
   "FIELD10": "10,621",
   "FIELD11": "11,061",
   "FIELD12": "13,277",
   "FIELD13": "17,278"
 },
 {
   "Total experience": "194,400",
   "FIELD2": "172,800",
   "To next level": "216,000",
   "FIELD4": "211,060",
   "FIELD5": "270,000",
   "FIELD6": "267,840",
   "FIELD7": "60",
   "FIELD8": "7,613",
   "FIELD9": "8,784",
   "FIELD10": "10,981",
   "FIELD11": "11,462",
   "FIELD12": "13,726",
   "FIELD13": "13,616"
 },
 {
   "Total experience": "202,013",
   "FIELD2": "181,584",
   "To next level": "226,981",
   "FIELD4": "222,522",
   "FIELD5": "283,726",
   "FIELD6": "281,456",
   "FIELD7": "61",
   "FIELD8": "7,715",
   "FIELD9": "9,078",
   "FIELD10": "11,347",
   "FIELD11": "11,871",
   "FIELD12": "14,184",
   "FIELD13": "18,837"
 },
 {
   "Total experience": "209,728",
   "FIELD2": "190,662",
   "To next level": "238,328",
   "FIELD4": "234,393",
   "FIELD5": "297,910",
   "FIELD6": "300,293",
   "FIELD7": "62",
   "FIELD8": "7,812",
   "FIELD9": "9,375",
   "FIELD10": "11,719",
   "FIELD11": "12,288",
   "FIELD12": "14,648",
   "FIELD13": "14,766"
 },
 {
   "Total experience": "217,540",
   "FIELD2": "200,037",
   "To next level": "250,047",
   "FIELD4": "246,681",
   "FIELD5": "312,558",
   "FIELD6": "315,059",
   "FIELD7": "63",
   "FIELD8": "7,903",
   "FIELD9": "9,678",
   "FIELD10": "12,097",
   "FIELD11": "12,711",
   "FIELD12": "15,122",
   "FIELD13": "20,485"
 },
 {
   "Total experience": "225,443",
   "FIELD2": "209,715",
   "To next level": "262,144",
   "FIELD4": "259,392",
   "FIELD5": "327,680",
   "FIELD6": "335,544",
   "FIELD7": "64",
   "FIELD8": "7,988",
   "FIELD9": "9,985",
   "FIELD10": "12,481",
   "FIELD11": "13,143",
   "FIELD12": "15,601",
   "FIELD13": "15,976"
 },
 {
   "Total experience": "233,431",
   "FIELD2": "219,700",
   "To next level": "274,625",
   "FIELD4": "272,535",
   "FIELD5": "343,281",
   "FIELD6": "351,520",
   "FIELD7": "65",
   "FIELD8": "8,065",
   "FIELD9": "10,296",
   "FIELD10": "12,871",
   "FIELD11": "13,580",
   "FIELD12": "16,089",
   "FIELD13": "22,224"
 },
 {
   "Total experience": "241,496",
   "FIELD2": "229,996",
   "To next level": "287,496",
   "FIELD4": "286,115",
   "FIELD5": "359,370",
   "FIELD6": "373,744",
   "FIELD7": "66",
   "FIELD8": "8,137",
   "FIELD9": "10,614",
   "FIELD10": "13,267",
   "FIELD11": "14,025",
   "FIELD12": "16,583",
   "FIELD13": "17,247"
 },
 {
   "Total experience": "249,633",
   "FIELD2": "240,610",
   "To next level": "300,763",
   "FIELD4": "300,140",
   "FIELD5": "375,953",
   "FIELD6": "390,991",
   "FIELD7": "67",
   "FIELD8": "8,201",
   "FIELD9": "10,935",
   "FIELD10": "13,669",
   "FIELD11": "14,478",
   "FIELD12": "17,087",
   "FIELD13": "24,059"
 },
 {
   "Total experience": "257,834",
   "FIELD2": "251,545",
   "To next level": "314,432",
   "FIELD4": "314,618",
   "FIELD5": "393,040",
   "FIELD6": "415,050",
   "FIELD7": "68",
   "FIELD8": "9,572",
   "FIELD9": "11,262",
   "FIELD10": "14,077",
   "FIELD11": "14,937",
   "FIELD12": "17,596",
   "FIELD13": "18,581"
 },
 {
   "Total experience": "267,406",
   "FIELD2": "262,807",
   "To next level": "328,509",
   "FIELD4": "329,555",
   "FIELD5": "410,636",
   "FIELD6": "433,631",
   "FIELD7": "69",
   "FIELD8": "9,052",
   "FIELD9": "11,593",
   "FIELD10": "14,491",
   "FIELD11": "15,405",
   "FIELD12": "18,114",
   "FIELD13": "25,989"
 },
 {
   "Total experience": "276,458",
   "FIELD2": "274,400",
   "To next level": "343,000",
   "FIELD4": "344,960",
   "FIELD5": "428,750",
   "FIELD6": "459,620",
   "FIELD7": "70",
   "FIELD8": "9,870",
   "FIELD9": "11,928",
   "FIELD10": "14,911",
   "FIELD11": "15,878",
   "FIELD12": "18,638",
   "FIELD13": "19,980"
 },
 {
   "Total experience": "286,328",
   "FIELD2": "286,328",
   "To next level": "357,911",
   "FIELD4": "360,838",
   "FIELD5": "447,388",
   "FIELD6": "479,600",
   "FIELD7": "71",
   "FIELD8": "10,030",
   "FIELD9": "12,270",
   "FIELD10": "15,337",
   "FIELD11": "16,359",
   "FIELD12": "19,172",
   "FIELD13": "28,017"
 },
 {
   "Total experience": "296,358",
   "FIELD2": "298,598",
   "To next level": "373,248",
   "FIELD4": "377,197",
   "FIELD5": "466,560",
   "FIELD6": "507,617",
   "FIELD7": "72",
   "FIELD8": "9,409",
   "FIELD9": "12,615",
   "FIELD10": "15,769",
   "FIELD11": "16,848",
   "FIELD12": "19,711",
   "FIELD13": "21,446"
 },
 {
   "Total experience": "305,767",
   "FIELD2": "311,213",
   "To next level": "389,017",
   "FIELD4": "394,045",
   "FIELD5": "486,271",
   "FIELD6": "529,063",
   "FIELD7": "73",
   "FIELD8": "10,307",
   "FIELD9": "12,966",
   "FIELD10": "16,207",
   "FIELD11": "17,343",
   "FIELD12": "20,259",
   "FIELD13": "30,146"
 },
 {
   "Total experience": "316,074",
   "FIELD2": "324,179",
   "To next level": "405,224",
   "FIELD4": "411,388",
   "FIELD5": "506,530",
   "FIELD6": "559,209",
   "FIELD7": "74",
   "FIELD8": "10,457",
   "FIELD9": "13,321",
   "FIELD10": "16,651",
   "FIELD11": "17,847",
   "FIELD12": "20,813",
   "FIELD13": "22,978"
 },
 {
   "Total experience": "326,531",
   "FIELD2": "337,500",
   "To next level": "421,875",
   "FIELD4": "429,235",
   "FIELD5": "527,343",
   "FIELD6": "582,187",
   "FIELD7": "75",
   "FIELD8": "9,724",
   "FIELD9": "13,680",
   "FIELD10": "17,101",
   "FIELD11": "18,356",
   "FIELD12": "21,377",
   "FIELD13": "32,379"
 },
 {
   "Total experience": "336,255",
   "FIELD2": "351,180",
   "To next level": "438,976",
   "FIELD4": "447,591",
   "FIELD5": "548,720",
   "FIELD6": "614,566",
   "FIELD7": "76",
   "FIELD8": "10,710",
   "FIELD9": "14,046",
   "FIELD10": "17,557",
   "FIELD11": "18,873",
   "FIELD12": "21,946",
   "FIELD13": "24,580"
 },
 {
   "Total experience": "346,965",
   "FIELD2": "365,226",
   "To next level": "456,533",
   "FIELD4": "466,464",
   "FIELD5": "570,666",
   "FIELD6": "639,146",
   "FIELD7": "77",
   "FIELD8": "10,847",
   "FIELD9": "14,415",
   "FIELD10": "18,019",
   "FIELD11": "19,398",
   "FIELD12": "22,524",
   "FIELD13": "34,717"
 },
 {
   "Total experience": "357,812",
   "FIELD2": "379,641",
   "To next level": "474,552",
   "FIELD4": "485,862",
   "FIELD5": "593,190",
   "FIELD6": "673,863",
   "FIELD7": "78",
   "FIELD8": "9,995",
   "FIELD9": "14,790",
   "FIELD10": "18,487",
   "FIELD11": "19,929",
   "FIELD12": "23,108",
   "FIELD13": "26,252"
 },
 {
   "Total experience": "367,807",
   "FIELD2": "394,431",
   "To next level": "493,039",
   "FIELD4": "505,791",
   "FIELD5": "616,298",
   "FIELD6": "700,115",
   "FIELD7": "79",
   "FIELD8": "11,073",
   "FIELD9": "15,169",
   "FIELD10": "18,961",
   "FIELD11": "20,469",
   "FIELD12": "23,702",
   "FIELD13": "37,165"
 },
 {
   "Total experience": "378,880",
   "FIELD2": "409,600",
   "To next level": "512,000",
   "FIELD4": "526,260",
   "FIELD5": "640,000",
   "FIELD6": "737,280",
   "FIELD7": "80",
   "FIELD8": "11,197",
   "FIELD9": "15,552",
   "FIELD10": "19,441",
   "FIELD11": "21,014",
   "FIELD12": "24,301",
   "FIELD13": "27,995"
 },
 {
   "Total experience": "390,077",
   "FIELD2": "425,152",
   "To next level": "531,441",
   "FIELD4": "547,274",
   "FIELD5": "664,301",
   "FIELD6": "765,275",
   "FIELD7": "81",
   "FIELD8": "10,216",
   "FIELD9": "15,942",
   "FIELD10": "19,927",
   "FIELD11": "21,567",
   "FIELD12": "24,909",
   "FIELD13": "39,722"
 },
 {
   "Total experience": "400,293",
   "FIELD2": "441,094",
   "To next level": "551,368",
   "FIELD4": "568,841",
   "FIELD5": "689,210",
   "FIELD6": "804,997",
   "FIELD7": "82",
   "FIELD8": "11,393",
   "FIELD9": "16,335",
   "FIELD10": "20,419",
   "FIELD11": "22,128",
   "FIELD12": "25,523",
   "FIELD13": "29,812"
 },
 {
   "Total experience": "411,686",
   "FIELD2": "457,429",
   "To next level": "571,787",
   "FIELD4": "590,969",
   "FIELD5": "714,733",
   "FIELD6": "834,809",
   "FIELD7": "83",
   "FIELD8": "11,504",
   "FIELD9": "16,734",
   "FIELD10": "20,917",
   "FIELD11": "22,695",
   "FIELD12": "26,147",
   "FIELD13": "42,392"
 },
 {
   "Total experience": "423,190",
   "FIELD2": "474,163",
   "To next level": "592,704",
   "FIELD4": "613,664",
   "FIELD5": "740,880",
   "FIELD6": "877,201",
   "FIELD7": "84",
   "FIELD8": "10,382",
   "FIELD9": "17,137",
   "FIELD10": "21,421",
   "FIELD11": "23,271",
   "FIELD12": "26,776",
   "FIELD13": "31,704"
 },
 {
   "Total experience": "433,572",
   "FIELD2": "491,300",
   "To next level": "614,125",
   "FIELD4": "636,935",
   "FIELD5": "767,656",
   "FIELD6": "908,905",
   "FIELD7": "85",
   "FIELD8": "11,667",
   "FIELD9": "17,544",
   "FIELD10": "21,931",
   "FIELD11": "23,852",
   "FIELD12": "27,414",
   "FIELD13": "45,179"
 },
 {
   "Total experience": "445,239",
   "FIELD2": "508,844",
   "To next level": "636,056",
   "FIELD4": "660,787",
   "FIELD5": "795,070",
   "FIELD6": "954,084",
   "FIELD7": "86",
   "FIELD8": "11,762",
   "FIELD9": "17,958",
   "FIELD10": "22,447",
   "FIELD11": "24,441",
   "FIELD12": "28,058",
   "FIELD13": "33,670"
 },
 {
   "Total experience": "457,001",
   "FIELD2": "526,802",
   "To next level": "658,503",
   "FIELD4": "685,228",
   "FIELD5": "823,128",
   "FIELD6": "987,754",
   "FIELD7": "87",
   "FIELD8": "10,488",
   "FIELD9": "18,375",
   "FIELD10": "22,969",
   "FIELD11": "25,038",
   "FIELD12": "28,712",
   "FIELD13": "48,083"
 },
 {
   "Total experience": "467,489",
   "FIELD2": "545,177",
   "To next level": "681,472",
   "FIELD4": "710,266",
   "FIELD5": "851,840",
   "FIELD6": "1,035,837",
   "FIELD7": "88",
   "FIELD8": "11,889",
   "FIELD9": "18,798",
   "FIELD10": "23,497",
   "FIELD11": "25,641",
   "FIELD12": "29,371",
   "FIELD13": "35,715"
 },
 {
   "Total experience": "479,378",
   "FIELD2": "563,975",
   "To next level": "704,969",
   "FIELD4": "735,907",
   "FIELD5": "881,211",
   "FIELD6": "1,071,552",
   "FIELD7": "89",
   "FIELD8": "11,968",
   "FIELD9": "19,225",
   "FIELD10": "24,031",
   "FIELD11": "26,253",
   "FIELD12": "30,039",
   "FIELD13": "51,108"
 },
 {
   "Total experience": "491,346",
   "FIELD2": "583,200",
   "To next level": "729,000",
   "FIELD4": "762,160",
   "FIELD5": "911,250",
   "FIELD6": "1,122,660",
   "FIELD7": "90",
   "FIELD8": "10,532",
   "FIELD9": "19,656",
   "FIELD10": "24,571",
   "FIELD11": "26,870",
   "FIELD12": "30,713",
   "FIELD13": "37,839"
 },
 {
   "Total experience": "501,878",
   "FIELD2": "602,856",
   "To next level": "753,571",
   "FIELD4": "789,030",
   "FIELD5": "941,963",
   "FIELD6": "1,160,499",
   "FIELD7": "91",
   "FIELD8": "12,056",
   "FIELD9": "20,094",
   "FIELD10": "25,117",
   "FIELD11": "27,495",
   "FIELD12": "31,397",
   "FIELD13": "54,254"
 },
 {
   "Total experience": "513,934",
   "FIELD2": "622,950",
   "To next level": "778,688",
   "FIELD4": "816,525",
   "FIELD5": "973,360",
   "FIELD6": "1,214,753",
   "FIELD7": "92",
   "FIELD8": "12,115",
   "FIELD9": "20,535",
   "FIELD10": "25,669",
   "FIELD11": "28,128",
   "FIELD12": "32,086",
   "FIELD13": "40,043"
 },
 {
   "Total experience": "526,049",
   "FIELD2": "643,485",
   "To next level": "804,357",
   "FIELD4": "844,653",
   "FIELD5": "1,005,446",
   "FIELD6": "1,254,796",
   "FIELD7": "93",
   "FIELD8": "10,508",
   "FIELD9": "20,982",
   "FIELD10": "26,227",
   "FIELD11": "28,767",
   "FIELD12": "32,784",
   "FIELD13": "57,526"
 },
 {
   "Total experience": "536,557",
   "FIELD2": "664,467",
   "To next level": "830,584",
   "FIELD4": "873,420",
   "FIELD5": "1,038,230",
   "FIELD6": "1,312,322",
   "FIELD7": "94",
   "FIELD8": "12,163",
   "FIELD9": "21,433",
   "FIELD10": "26,791",
   "FIELD11": "29,415",
   "FIELD12": "33,488",
   "FIELD13": "42,330"
 },
 {
   "Total experience": "548,720",
   "FIELD2": "685,900",
   "To next level": "857,375",
   "FIELD4": "902,835",
   "FIELD5": "1,071,718",
   "FIELD6": "1,354,652",
   "FIELD7": "95",
   "FIELD8": "12,202",
   "FIELD9": "21,888",
   "FIELD10": "27,361",
   "FIELD11": "30,068",
   "FIELD12": "34,202",
   "FIELD13": "60,925"
 },
 {
   "Total experience": "560,922",
   "FIELD2": "707,788",
   "To next level": "884,736",
   "FIELD4": "932,903",
   "FIELD5": "1,105,920",
   "FIELD6": "1,415,577",
   "FIELD7": "96",
   "FIELD8": "10,411",
   "FIELD9": "22,350",
   "FIELD10": "27,937",
   "FIELD11": "30,729",
   "FIELD12": "34,921",
   "FIELD13": "44,699"
 },
 {
   "Total experience": "571,333",
   "FIELD2": "730,138",
   "To next level": "912,673",
   "FIELD4": "963,632",
   "FIELD5": "1,140,841",
   "FIELD6": "1,460,276",
   "FIELD7": "97",
   "FIELD8": "12,206",
   "FIELD9": "22,815",
   "FIELD10": "28,519",
   "FIELD11": "31,398",
   "FIELD12": "35,649",
   "FIELD13": "64,455"
 },
 {
   "Total experience": "583,539",
   "FIELD2": "752,953",
   "To next level": "941,192",
   "FIELD4": "995,030",
   "FIELD5": "1,176,490",
   "FIELD6": "1,524,731",
   "FIELD7": "98",
   "FIELD8": "8,343",
   "FIELD9": "23,286",
   "FIELD10": "29,107",
   "FIELD11": "32,073",
   "FIELD12": "36,383",
   "FIELD13": "47,153"
 },
 {
   "Total experience": "591,882",
   "FIELD2": "776,239",
   "To next level": "970,299",
   "FIELD4": "1,027,103",
   "FIELD5": "1,212,873",
   "FIELD6": "1,571,884",
   "FIELD7": "99",
   "FIELD8": "8,118",
   "FIELD9": "23,761",
   "FIELD10": "29,701",
   "FIELD11": "32,757",
   "FIELD12": "37,127",
   "FIELD13": "68,116"
 },
 {
   "Total experience": "600,000",
   "FIELD2": "800,000",
   "To next level": "1,000,000",
   "FIELD4": "1,059,860",
   "FIELD5": "1,250,000",
   "FIELD6": "1,640,000",
   "FIELD7": "100",
   "FIELD8": "-",
   "FIELD9": "-",
   "FIELD10": "-",
   "FIELD11": "-",
   "FIELD12": "-",
   "FIELD13": "-"
 }
]