[{"name":"Bulbasaur","baseExp":64,"learnAtLevel":[{"VineWhip":13},{"Tackle":1},{"Growl":1},{"LeechSeed":7},{"Growth":34},{"RazorLeaf":27},{"SolarBeam":48},{"PoisonPowder":20},{"SleepPowder":41}]},{"name":"Ivysaur","baseExp":142,"learnAtLevel":[{"VineWhip":13},{"Tackle":1},{"Growl":1},{"LeechSeed":1},{"LeechSeed":7},{"Growth":38},{"RazorLeaf":30},{"SolarBeam":54},{"PoisonPowder":22},{"SleepPowder":46}]},{"name":"Venusaur","baseExp":236,"learnAtLevel":[{"VineWhip":1},{"VineWhip":13},{"Tackle":1},{"Growl":1},{"LeechSeed":1},{"LeechSeed":7},{"Growth":43},{"RazorLeaf":30},{"SolarBeam":65},{"PoisonPowder":22},{"SleepPowder":55}]},{"name":"Charmander","baseExp":62,"learnAtLevel":[{"Scratch":1},{"Leer":15},{"Growl":1},{"Ember":9},{"Flamethrower":38},{"FireSpin":46},{"Rage":22},{"Slash":30}]},{"name":"Charmeleon","baseExp":142,"learnAtLevel":[{"Scratch":1},{"Leer":15},{"Growl":1},{"Ember":1},{"Ember":9},{"Flamethrower":42},{"FireSpin":56},{"Rage":24},{"Slash":33}]},{"name":"Charizard","baseExp":240,"learnAtLevel":[{"Scratch":1},{"Leer":1},{"Leer":15},{"Growl":1},{"Ember":1},{"Ember":9},{"Flamethrower":46},{"FireSpin":55},{"Rage":24},{"Slash":36}]},{"name":"Squirtle","baseExp":63,"learnAtLevel":[{"Tackle":1},{"TailWhip":1},{"Bite":22},{"WaterGun":15},{"HydroPump":42},{"Withdraw":28},{"SkullBash":35},{"Bubble":8}]},{"name":"Wartortle","baseExp":142,"learnAtLevel":[{"Tackle":1},{"TailWhip":1},{"Bite":24},{"WaterGun":15},{"HydroPump":47},{"Withdraw":31},{"SkullBash":39},{"Bubble":1},{"Bubble":8}]},{"name":"Blastoise","baseExp":239,"learnAtLevel":[{"Tackle":1},{"TailWhip":1},{"Bite":24},{"WaterGun":1},{"WaterGun":15},{"HydroPump":52},{"Withdraw":31},{"SkullBash":42},{"Bubble":1},{"Bubble":8}]},{"name":"Caterpie","baseExp":39,"learnAtLevel":[{"Tackle":1},{"StringShot":1}]},{"name":"Metapod","baseExp":72,"learnAtLevel":[{"Harden":1}]},{"name":"Butterfree","baseExp":178,"learnAtLevel":[{"Whirlwind":26},{"Supersonic":21},{"Psybeam":32},{"PoisonPowder":15},{"StunSpore":16},{"SleepPowder":17},{"Confusion":1},{"Confusion":12}]},{"name":"Weedle","baseExp":39,"learnAtLevel":[{"PoisonSting":1},{"StringShot":1}]},{"name":"Kakuna","baseExp":72,"learnAtLevel":[{"Harden":1}]},{"name":"Beedrill","baseExp":178,"learnAtLevel":[{"FuryAttack":1},{"FuryAttack":12},{"Twineedle":20},{"PinMissile":30},{"Agility":35},{"Rage":25},{"FocusEnergy":16}]},{"name":"Pidgey","baseExp":50,"learnAtLevel":[{"Gust":1},{"WingAttack":28},{"Whirlwind":19},{"SandAttack":5},{"Agility":36},{"QuickAttack":12},{"MirrorMove":44}]},{"name":"Pidgeotto","baseExp":122,"learnAtLevel":[{"Gust":1},{"WingAttack":31},{"Whirlwind":21},{"SandAttack":1},{"SandAttack":5},{"Agility":40},{"QuickAttack":12},{"MirrorMove":49}]},{"name":"Pidgeot","baseExp":216,"learnAtLevel":[{"Gust":1},{"WingAttack":31},{"Whirlwind":21},{"SandAttack":1},{"SandAttack":5},{"Agility":44},{"QuickAttack":1},{"QuickAttack":12},{"MirrorMove":54}]},{"name":"Rattata","baseExp":51,"learnAtLevel":[{"Tackle":1},{"TailWhip":1},{"QuickAttack":7},{"FocusEnergy":23},{"HyperFang":14},{"SuperFang":34}]},{"name":"Raticate","baseExp":145,"learnAtLevel":[{"Tackle":1},{"TailWhip":1},{"QuickAttack":1},{"QuickAttack":7},{"FocusEnergy":27},{"HyperFang":14},{"SuperFang":41}]},{"name":"Spearow","baseExp":52,"learnAtLevel":[{"FuryAttack":15},{"Leer":9},{"Growl":1},{"Peck":1},{"DrillPeck":29},{"Agility":36},{"MirrorMove":22}]},{"name":"Fearow","baseExp":155,"learnAtLevel":[{"FuryAttack":15},{"Leer":1},{"Leer":9},{"Growl":1},{"Peck":1},{"DrillPeck":34},{"Agility":43},{"MirrorMove":25}]},{"name":"Ekans","baseExp":58,"learnAtLevel":[{"Wrap":1},{"PoisonSting":10},{"Leer":1},{"Bite":17},{"Acid":38},{"Screech":31},{"Glare":24}]},{"name":"Arbok","baseExp":157,"learnAtLevel":[{"Wrap":1},{"PoisonSting":1},{"PoisonSting":10},{"Leer":1},{"Bite":17},{"Acid":47},{"Screech":36},{"Glare":27}]},{"name":"Pikachu","baseExp":112,"learnAtLevel":[{"Growl":1},{"ThunderShock":1},{"ThunderWave":9},{"Thunder":43},{"Agility":33},{"QuickAttack":16},{"Swift":26}]},{"name":"Raichu","baseExp":218,"learnAtLevel":[{"Growl":1},{"ThunderShock":1},{"ThunderWave":1}]},{"name":"Sandshrew","baseExp":60,"learnAtLevel":[{"Scratch":1},{"SandAttack":10},{"PoisonSting":24},{"Swift":31},{"FurySwipes":38},{"Slash":17}]},{"name":"Sandslash","baseExp":158,"learnAtLevel":[{"Scratch":1},{"SandAttack":1},{"SandAttack":10},{"PoisonSting":27},{"Swift":36},{"FurySwipes":47},{"Slash":17}]},{"name":"Nidoranf","baseExp":55,"learnAtLevel":[{"Scratch":8},{"DoubleKick":43},{"Tackle":1},{"TailWhip":21},{"PoisonSting":14},{"Bite":29},{"Growl":1},{"FurySwipes":36}]},{"name":"Nidorina","baseExp":128,"learnAtLevel":[{"Scratch":1},{"Scratch":8},{"DoubleKick":50},{"Tackle":1},{"TailWhip":23},{"PoisonSting":14},{"Bite":32},{"Growl":1},{"FurySwipes":41}]},{"name":"Nidoqueen","baseExp":227,"learnAtLevel":[{"Scratch":1},{"Scratch":8},{"Tackle":1},{"BodySlam":1},{"BodySlam":23},{"TailWhip":1},{"PoisonSting":14}]},{"name":"Nidoranm","baseExp":55,"learnAtLevel":[{"DoubleKick":43},{"HornAttack":8},{"FuryAttack":29},{"HornDrill":36},{"Tackle":1},{"PoisonSting":14},{"Leer":1},{"FocusEnergy":21}]},{"name":"Nidorino","baseExp":128,"learnAtLevel":[{"DoubleKick":50},{"HornAttack":1},{"HornAttack":8},{"FuryAttack":32},{"HornDrill":41},{"Tackle":1},{"PoisonSting":14},{"Leer":1},{"FocusEnergy":23}]},{"name":"Nidoking","baseExp":227,"learnAtLevel":[{"HornAttack":1},{"HornAttack":8},{"Tackle":1},{"Thrash":1},{"Thrash":23},{"PoisonSting":1},{"PoisonSting":14}]},{"name":"Clefairy","baseExp":113,"learnAtLevel":[{"Pound":1},{"DoubleSlap":18},{"Growl":1},{"Sing":13},{"Minimize":24},{"DefenseCurl":39},{"LightScreen":48},{"Metronome":31}]},{"name":"Clefable","baseExp":217,"learnAtLevel":[{"DoubleSlap":1},{"Sing":1},{"Minimize":1},{"Metronome":1}]},{"name":"Vulpix","baseExp":60,"learnAtLevel":[{"TailWhip":1},{"Roar":21},{"Ember":1},{"Flamethrower":35},{"FireSpin":42},{"QuickAttack":16},{"ConfuseRay":28}]},{"name":"Ninetales","baseExp":177,"learnAtLevel":[{"TailWhip":1},{"Roar":1},{"Ember":1},{"QuickAttack":1}]},{"name":"Jigglypuff","baseExp":95,"learnAtLevel":[{"Pound":9},{"DoubleSlap":24},{"BodySlam":34},{"DoubleEdge":39},{"Sing":1},{"Disable":14},{"DefenseCurl":19},{"Rest":29}]},{"name":"Wigglytuff","baseExp":196,"learnAtLevel":[{"DoubleSlap":1},{"Sing":1},{"Disable":1},{"DefenseCurl":1}]},{"name":"Zubat","baseExp":49,"learnAtLevel":[{"WingAttack":28},{"Bite":15},{"Supersonic":10},{"ConfuseRay":21},{"Haze":36},{"LeechLife":1}]},{"name":"Golbat","baseExp":159,"learnAtLevel":[{"WingAttack":32},{"Bite":1},{"Bite":15},{"Supersonic":10},{"Screech":1},{"ConfuseRay":21},{"Haze":43},{"LeechLife":1}]},{"name":"Oddish","baseExp":64,"learnAtLevel":[{"Acid":24},{"Absorb":1},{"SolarBeam":46},{"PoisonPowder":15},{"StunSpore":17},{"SleepPowder":19},{"PetalDance":33}]},{"name":"Gloom","baseExp":138,"learnAtLevel":[{"Acid":28},{"Absorb":1},{"SolarBeam":52},{"PoisonPowder":1},{"PoisonPowder":15},{"StunSpore":1},{"StunSpore":17},{"SleepPowder":19},{"PetalDance":38}]},{"name":"Vileplume","baseExp":221,"learnAtLevel":[{"Acid":1},{"PoisonPowder":15},{"StunSpore":1},{"StunSpore":17},{"SleepPowder":1},{"SleepPowder":19},{"PetalDance":1}]},{"name":"Paras","baseExp":57,"learnAtLevel":[{"Scratch":1},{"Growth":41},{"StunSpore":13},{"LeechLife":20},{"Spore":27},{"Slash":34}]},{"name":"Parasect","baseExp":142,"learnAtLevel":[{"Scratch":1},{"Growth":48},{"StunSpore":1},{"StunSpore":13},{"LeechLife":1},{"LeechLife":20},{"Spore":30},{"Slash":39}]},{"name":"Venonat","baseExp":61,"learnAtLevel":[{"Tackle":1},{"Disable":1},{"Psybeam":35},{"PoisonPowder":24},{"StunSpore":30},{"SleepPowder":38},{"Psychic":43},{"LeechLife":27}]},{"name":"Venomoth","baseExp":158,"learnAtLevel":[{"Tackle":1},{"Disable":1},{"Psybeam":38},{"PoisonPowder":1},{"PoisonPowder":24},{"StunSpore":30},{"SleepPowder":43},{"Psychic":50},{"LeechLife":1},{"LeechLife":27}]},{"name":"Diglett","baseExp":53,"learnAtLevel":[{"Scratch":1},{"SandAttack":24},{"Growl":15},{"Earthquake":40},{"Dig":19},{"Slash":31}]},{"name":"Dugtrio","baseExp":149,"learnAtLevel":[{"Scratch":1},{"SandAttack":24},{"Growl":1},{"Growl":15},{"Earthquake":47},{"Dig":1},{"Dig":19},{"Slash":35}]},{"name":"Meowth","baseExp":58,"learnAtLevel":[{"PayDay":17},{"Scratch":1},{"Bite":12},{"Growl":1},{"Screech":24},{"FurySwipes":33},{"Slash":44}]},{"name":"Persian","baseExp":154,"learnAtLevel":[{"PayDay":17},{"Scratch":1},{"Bite":1},{"Bite":12},{"Growl":1},{"Screech":1},{"Screech":24},{"FurySwipes":37},{"Slash":51}]},{"name":"Psyduck","baseExp":64,"learnAtLevel":[{"Scratch":1},{"TailWhip":28},{"Disable":31},{"HydroPump":52},{"Confusion":36},{"FurySwipes":43}]},{"name":"Golduck","baseExp":175,"learnAtLevel":[{"Scratch":1},{"TailWhip":1},{"TailWhip":28},{"Disable":1},{"Disable":31},{"HydroPump":59},{"Confusion":39},{"FurySwipes":48}]},{"name":"Mankey","baseExp":61,"learnAtLevel":[{"KarateChop":15},{"Scratch":1},{"Thrash":39},{"Leer":1},{"SeismicToss":33},{"FocusEnergy":27},{"FurySwipes":21}]},{"name":"Primeape","baseExp":159,"learnAtLevel":[{"KarateChop":1},{"KarateChop":15},{"Scratch":1},{"Thrash":46},{"Leer":1},{"SeismicToss":37},{"FocusEnergy":27},{"FurySwipes":1},{"FurySwipes":21}]},{"name":"Growlithe","baseExp":70,"learnAtLevel":[{"TakeDown":30},{"Leer":23},{"Bite":1},{"Roar":1},{"Ember":18},{"Flamethrower":50},{"Agility":39}]},{"name":"Arcanine","baseExp":194,"learnAtLevel":[{"TakeDown":1},{"Leer":1},{"Roar":1},{"Ember":1}]},{"name":"Poliwag","baseExp":60,"learnAtLevel":[{"DoubleSlap":25},{"BodySlam":31},{"WaterGun":19},{"HydroPump":45},{"Hypnosis":16},{"Amnesia":38},{"Bubble":1}]},{"name":"Poliwhirl","baseExp":135,"learnAtLevel":[{"DoubleSlap":26},{"BodySlam":33},{"WaterGun":1},{"WaterGun":19},{"HydroPump":49},{"Hypnosis":1},{"Hypnosis":16},{"Amnesia":41},{"Bubble":1}]},{"name":"Poliwrath","baseExp":230,"learnAtLevel":[{"DoubleSlap":1},{"BodySlam":1},{"WaterGun":1},{"WaterGun":19},{"Hypnosis":1},{"Hypnosis":16}]},{"name":"Abra","baseExp":62,"learnAtLevel":[{"Teleport":1}]},{"name":"Kadabra","baseExp":140,"learnAtLevel":[{"Disable":1},{"Disable":20},{"Psybeam":27},{"Confusion":1},{"Confusion":16},{"Psychic":38},{"Teleport":1},{"Recover":31},{"Reflect":42}]},{"name":"Alakazam","baseExp":225,"learnAtLevel":[{"Disable":1},{"Disable":20},{"Psybeam":27},{"Confusion":1},{"Confusion":16},{"Psychic":38},{"Teleport":1},{"Recover":31},{"Reflect":42}]},{"name":"Machop","baseExp":61,"learnAtLevel":[{"KarateChop":1},{"Leer":25},{"Submission":46},{"LowKick":20},{"SeismicToss":39},{"FocusEnergy":32}]},{"name":"Machoke","baseExp":142,"learnAtLevel":[{"KarateChop":1},{"Leer":1},{"Leer":25},{"Submission":52},{"LowKick":1},{"LowKick":20},{"SeismicToss":44},{"FocusEnergy":36}]},{"name":"Machamp","baseExp":227,"learnAtLevel":[{"KarateChop":1},{"Leer":1},{"Leer":25},{"Submission":52},{"LowKick":1},{"LowKick":20},{"SeismicToss":44},{"FocusEnergy":36}]},{"name":"Bellsprout","baseExp":60,"learnAtLevel":[{"Slam":42},{"VineWhip":1},{"Wrap":13},{"Acid":26},{"Growth":1},{"RazorLeaf":33},{"PoisonPowder":15},{"StunSpore":21},{"SleepPowder":18}]},{"name":"Weepinbell","baseExp":137,"learnAtLevel":[{"Slam":49},{"VineWhip":1},{"Wrap":1},{"Wrap":13},{"Acid":29},{"Growth":1},{"RazorLeaf":38},{"PoisonPowder":15},{"StunSpore":23},{"SleepPowder":18}]},{"name":"Victreebel","baseExp":221,"learnAtLevel":[{"Wrap":13},{"Acid":1},{"RazorLeaf":1},{"PoisonPowder":15},{"StunSpore":1},{"SleepPowder":1},{"SleepPowder":18}]},{"name":"Tentacool","baseExp":67,"learnAtLevel":[{"Wrap":13},{"PoisonSting":18},{"Supersonic":7},{"Acid":1},{"WaterGun":22},{"HydroPump":48},{"Screech":40},{"Barrier":33},{"Constrict":27}]},{"name":"Tentacruel","baseExp":180,"learnAtLevel":[{"Wrap":1},{"Wrap":13},{"PoisonSting":18},{"Supersonic":1},{"Supersonic":7},{"Acid":1},{"WaterGun":22},{"HydroPump":50},{"Screech":43},{"Barrier":35},{"Constrict":27}]},{"name":"Geodude","baseExp":60,"learnAtLevel":[{"Tackle":1},{"RockThrow":16},{"Earthquake":31},{"Harden":26},{"DefenseCurl":11},{"SelfDestruct":21},{"Explosion":36}]},{"name":"Graveler","baseExp":137,"learnAtLevel":[{"Tackle":1},{"RockThrow":16},{"Earthquake":36},{"Harden":29},{"DefenseCurl":1},{"DefenseCurl":11},{"SelfDestruct":21},{"Explosion":43}]},{"name":"Golem","baseExp":223,"learnAtLevel":[{"Tackle":1},{"RockThrow":16},{"Earthquake":36},{"Harden":29},{"DefenseCurl":1},{"DefenseCurl":11},{"SelfDestruct":21},{"Explosion":43}]},{"name":"Ponyta","baseExp":82,"learnAtLevel":[{"Stomp":32},{"TakeDown":43},{"TailWhip":30},{"Growl":35},{"Ember":1},{"FireSpin":39},{"Agility":48}]},{"name":"Rapidash","baseExp":175,"learnAtLevel":[{"Stomp":1},{"Stomp":32},{"TakeDown":47},{"TailWhip":1},{"TailWhip":30},{"Growl":1},{"Growl":35},{"Ember":1},{"FireSpin":39},{"Agility":55}]},{"name":"Slowpoke","baseExp":63,"learnAtLevel":[{"Headbutt":22},{"Growl":27},{"Disable":18},{"WaterGun":33},{"Confusion":1},{"Psychic":48},{"Amnesia":40}]},{"name":"Slowbro","baseExp":172,"learnAtLevel":[{"Headbutt":1},{"Headbutt":22},{"Growl":27},{"Disable":1},{"Disable":18},{"WaterGun":33},{"Confusion":1},{"Psychic":55},{"Withdraw":37},{"Amnesia":44}]},{"name":"Magnemite","baseExp":65,"learnAtLevel":[{"Tackle":1},{"Supersonic":29},{"SonicBoom":21},{"ThunderShock":25},{"ThunderWave":35},{"Screech":47},{"Swift":41}]},{"name":"Magneton","baseExp":163,"learnAtLevel":[{"Tackle":1},{"Supersonic":29},{"SonicBoom":1},{"SonicBoom":21},{"ThunderShock":1},{"ThunderShock":25},{"ThunderWave":38},{"Screech":54},{"Swift":46}]},{"name":"Farfetchd","baseExp":132,"learnAtLevel":[{"SwordsDance":23},{"SandAttack":1},{"FuryAttack":15},{"Leer":7},{"Peck":1},{"Agility":31},{"Slash":39}]},{"name":"Doduo","baseExp":62,"learnAtLevel":[{"FuryAttack":24},{"Growl":20},{"Peck":1},{"DrillPeck":30},{"Agility":44},{"Rage":36},{"TriAttack":40}]},{"name":"Dodrio","baseExp":165,"learnAtLevel":[{"FuryAttack":1},{"FuryAttack":24},{"Growl":1},{"Growl":20},{"Peck":1},{"DrillPeck":30},{"Agility":51},{"Rage":39},{"TriAttack":45}]},{"name":"Seel","baseExp":65,"learnAtLevel":[{"Headbutt":1},{"TakeDown":45},{"Growl":30},{"IceBeam":50},{"AuroraBeam":35},{"Rest":40}]},{"name":"Dewgong","baseExp":166,"learnAtLevel":[{"Headbutt":1},{"TakeDown":50},{"Growl":1},{"Growl":30},{"IceBeam":56},{"AuroraBeam":1},{"AuroraBeam":35},{"Rest":44}]},{"name":"Grimer","baseExp":65,"learnAtLevel":[{"Pound":1},{"Disable":1},{"Screech":48},{"Harden":42},{"Minimize":33},{"Sludge":37},{"PoisonGas":30},{"AcidArmor":55}]},{"name":"Muk","baseExp":175,"learnAtLevel":[{"Pound":1},{"Disable":1},{"Screech":53},{"Harden":45},{"Minimize":33},{"Sludge":37},{"PoisonGas":1},{"PoisonGas":30},{"AcidArmor":60}]},{"name":"Shellder","baseExp":61,"learnAtLevel":[{"Tackle":1},{"Leer":39},{"Supersonic":18},{"IceBeam":50},{"AuroraBeam":30},{"Withdraw":1},{"Clamp":23}]},{"name":"Cloyster","baseExp":184,"learnAtLevel":[{"Supersonic":1},{"AuroraBeam":1},{"Withdraw":1},{"Clamp":1},{"SpikeCannon":50}]},{"name":"Gastly","baseExp":62,"learnAtLevel":[{"Hypnosis":27},{"NightShade":1},{"ConfuseRay":1},{"Lick":1},{"DreamEater":35}]},{"name":"Haunter","baseExp":142,"learnAtLevel":[{"Hypnosis":29},{"NightShade":1},{"ConfuseRay":1},{"Lick":1},{"DreamEater":38}]},{"name":"Gengar","baseExp":225,"learnAtLevel":[{"Hypnosis":29},{"NightShade":1},{"ConfuseRay":1},{"Lick":1},{"DreamEater":38}]},{"name":"Onix","baseExp":77,"learnAtLevel":[{"Bind":15},{"Slam":33},{"Tackle":1},{"RockThrow":19},{"Rage":25},{"Screech":1},{"Harden":43}]},{"name":"Drowzee","baseExp":66,"learnAtLevel":[{"Pound":1},{"Headbutt":24},{"Disable":12},{"Confusion":17},{"Psychic":32},{"Hypnosis":1},{"Meditate":37},{"PoisonGas":29}]},{"name":"Hypno","baseExp":169,"learnAtLevel":[{"Pound":1},{"Headbutt":24},{"Disable":1},{"Disable":12},{"Confusion":1},{"Confusion":17},{"Psychic":37},{"Hypnosis":1},{"Meditate":43},{"PoisonGas":33}]},{"name":"Krabby","baseExp":65,"learnAtLevel":[{"ViceGrip":20},{"Guillotine":25},{"Stomp":30},{"Leer":1},{"Harden":40},{"Bubble":1},{"Crabhammer":35}]},{"name":"Kingler","baseExp":166,"learnAtLevel":[{"ViceGrip":1},{"ViceGrip":20},{"Guillotine":25},{"Stomp":34},{"Leer":1},{"Harden":49},{"Bubble":1},{"Crabhammer":42}]},{"name":"Voltorb","baseExp":66,"learnAtLevel":[{"Tackle":1},{"SonicBoom":17},{"Screech":1},{"LightScreen":29},{"SelfDestruct":22},{"Swift":36},{"Explosion":43}]},{"name":"Electrode","baseExp":172,"learnAtLevel":[{"Tackle":1},{"SonicBoom":1},{"SonicBoom":17},{"Screech":1},{"LightScreen":29},{"SelfDestruct":22},{"Swift":40},{"Explosion":50}]},{"name":"Exeggcute","baseExp":65,"learnAtLevel":[{"LeechSeed":28},{"SolarBeam":42},{"PoisonPowder":37},{"StunSpore":32},{"SleepPowder":48},{"Hypnosis":1},{"Reflect":25},{"Barrage":1}]},{"name":"Exeggutor","baseExp":186,"learnAtLevel":[{"Stomp":28},{"Hypnosis":1},{"Barrage":1}]},{"name":"Cubone","baseExp":64,"learnAtLevel":[{"Thrash":38},{"Leer":25},{"Growl":1},{"Rage":46},{"FocusEnergy":31},{"BoneClub":1},{"Bonemerang":43}]},{"name":"Marowak","baseExp":149,"learnAtLevel":[{"Thrash":41},{"Leer":1},{"Leer":25},{"Growl":1},{"Rage":55},{"FocusEnergy":1},{"FocusEnergy":33},{"BoneClub":1},{"Bonemerang":48}]},{"name":"Hitmonlee","baseExp":159,"learnAtLevel":[{"DoubleKick":1},{"MegaKick":53},{"JumpKick":38},{"RollingKick":33},{"Meditate":1},{"FocusEnergy":43},{"HighJumpKick":48}]},{"name":"Hitmonchan","baseExp":159,"learnAtLevel":[{"CometPunch":1},{"MegaPunch":48},{"FirePunch":33},{"IcePunch":38},{"ThunderPunch":43},{"Counter":53},{"Agility":1}]},{"name":"Lickitung","baseExp":77,"learnAtLevel":[{"Slam":31},{"Stomp":7},{"Wrap":1},{"Supersonic":1},{"Disable":15},{"Screech":39},{"DefenseCurl":23}]},{"name":"Koffing","baseExp":68,"learnAtLevel":[{"Tackle":1},{"Smokescreen":37},{"Haze":45},{"SelfDestruct":40},{"Smog":1},{"Sludge":32},{"Explosion":48}]},{"name":"Weezing","baseExp":172,"learnAtLevel":[{"Tackle":1},{"Smokescreen":39},{"Haze":49},{"SelfDestruct":43},{"Smog":1},{"Sludge":1},{"Sludge":32},{"Explosion":53}]},{"name":"Rhyhorn","baseExp":69,"learnAtLevel":[{"Stomp":30},{"HornAttack":1},{"FuryAttack":40},{"HornDrill":45},{"TakeDown":55},{"TailWhip":35},{"Leer":50}]},{"name":"Rhydon","baseExp":170,"learnAtLevel":[{"Stomp":1},{"Stomp":30},{"HornAttack":1},{"FuryAttack":1},{"FuryAttack":40},{"HornDrill":48},{"TakeDown":64},{"TailWhip":1},{"TailWhip":35},{"Leer":55}]},{"name":"Chansey","baseExp":395,"learnAtLevel":[{"Pound":1},{"DoubleSlap":1},{"DoubleEdge":54},{"Growl":30},{"Sing":24},{"Minimize":38},{"DefenseCurl":44},{"LightScreen":48}]},{"name":"Tangela","baseExp":87,"learnAtLevel":[{"Bind":1},{"Slam":45},{"Absorb":29},{"Growth":49},{"PoisonPowder":32},{"StunSpore":36},{"SleepPowder":39},{"Constrict":1}]},{"name":"Kangaskhan","baseExp":172,"learnAtLevel":[{"CometPunch":1},{"MegaPunch":36},{"TailWhip":31},{"Leer":41},{"Bite":26},{"Rage":1},{"DizzyPunch":46}]},{"name":"Horsea","baseExp":59,"learnAtLevel":[{"Leer":24},{"WaterGun":30},{"HydroPump":45},{"Agility":37},{"Smokescreen":19},{"Bubble":1}]},{"name":"Seadra","baseExp":154,"learnAtLevel":[{"Leer":24},{"WaterGun":30},{"HydroPump":52},{"Agility":41},{"Smokescreen":1},{"Smokescreen":19},{"Bubble":1}]},{"name":"Goldeen","baseExp":64,"learnAtLevel":[{"HornAttack":24},{"FuryAttack":30},{"HornDrill":45},{"TailWhip":1},{"Supersonic":19},{"Peck":1},{"Agility":54},{"Waterfall":37}]},{"name":"Seaking","baseExp":158,"learnAtLevel":[{"HornAttack":24},{"FuryAttack":30},{"HornDrill":48},{"TailWhip":1},{"Supersonic":1},{"Supersonic":19},{"Peck":1},{"Agility":54},{"Waterfall":39}]},{"name":"Staryu","baseExp":68,"learnAtLevel":[{"Tackle":1},{"WaterGun":17},{"HydroPump":47},{"Recover":27},{"Harden":22},{"Minimize":37},{"LightScreen":42},{"Swift":32}]},{"name":"Starmie","baseExp":182,"learnAtLevel":[{"Tackle":1},{"WaterGun":1},{"Harden":1}]},{"name":"Mrmime","baseExp":161,"learnAtLevel":[{"DoubleSlap":31},{"Confusion":1},{"Confusion":15},{"Meditate":39},{"Barrier":1},{"LightScreen":23},{"Substitute":47}]},{"name":"Scyther","baseExp":100,"learnAtLevel":[{"SwordsDance":35},{"Leer":17},{"Agility":42},{"QuickAttack":1},{"DoubleTeam":24},{"FocusEnergy":20},{"Slash":29}]},{"name":"Jynx","baseExp":159,"learnAtLevel":[{"Pound":1},{"DoubleSlap":23},{"IcePunch":31},{"BodySlam":39},{"Thrash":47},{"Blizzard":58},{"Lick":18},{"LovelyKiss":1}]},{"name":"Electabuzz","baseExp":172,"learnAtLevel":[{"ThunderPunch":42},{"Leer":1},{"ThunderShock":34},{"Thunder":54},{"QuickAttack":1},{"Screech":37},{"LightScreen":49}]},{"name":"Magmar","baseExp":173,"learnAtLevel":[{"FirePunch":43},{"Leer":36},{"Ember":1},{"Flamethrower":55},{"Smokescreen":48},{"ConfuseRay":39},{"Smog":52}]},{"name":"Pinsir","baseExp":175,"learnAtLevel":[{"ViceGrip":1},{"Guillotine":30},{"SwordsDance":54},{"SeismicToss":25},{"Harden":43},{"FocusEnergy":36},{"Slash":49}]},{"name":"Tauros","baseExp":172,"learnAtLevel":[{"Stomp":21},{"Tackle":1},{"TakeDown":51},{"TailWhip":28},{"Leer":35},{"Rage":44}]},{"name":"Magikarp","baseExp":40,"learnAtLevel":[{"Tackle":15},{"Splash":1}]},{"name":"Gyarados","baseExp":189,"learnAtLevel":[{"Leer":1},{"Leer":32},{"Bite":1},{"Bite":20},{"HydroPump":1},{"HydroPump":41},{"HyperBeam":52},{"DragonRage":1},{"DragonRage":25}]},{"name":"Lapras","baseExp":187,"learnAtLevel":[{"BodySlam":25},{"Growl":1},{"Sing":16},{"Mist":20},{"WaterGun":1},{"HydroPump":46},{"IceBeam":38},{"ConfuseRay":31}]},{"name":"Ditto","baseExp":101,"learnAtLevel":[{"Transform":1}]},{"name":"Eevee","baseExp":65,"learnAtLevel":[{"SandAttack":1},{"Tackle":1},{"TakeDown":45},{"TailWhip":31},{"Bite":37},{"QuickAttack":27}]},{"name":"Vaporeon","baseExp":184,"learnAtLevel":[{"SandAttack":1},{"Tackle":1},{"TailWhip":37},{"Bite":40},{"Mist":48},{"WaterGun":1},{"WaterGun":31},{"HydroPump":54},{"QuickAttack":1},{"QuickAttack":27},{"Haze":44},{"AcidArmor":42}]},{"name":"Jolteon","baseExp":184,"learnAtLevel":[{"DoubleKick":42},{"SandAttack":1},{"Tackle":1},{"TailWhip":37},{"PinMissile":48},{"ThunderShock":1},{"ThunderShock":31},{"ThunderWave":40},{"Thunder":54},{"Agility":44},{"QuickAttack":1},{"QuickAttack":27}]},{"name":"Flareon","baseExp":184,"learnAtLevel":[{"SandAttack":1},{"Tackle":1},{"TailWhip":37},{"Leer":42},{"Bite":40},{"Ember":1},{"Ember":31},{"Flamethrower":54},{"FireSpin":44},{"QuickAttack":1},{"QuickAttack":27},{"Rage":48}]},{"name":"Porygon","baseExp":79,"learnAtLevel":[{"Tackle":1},{"Psybeam":23},{"Agility":35},{"Recover":28},{"Sharpen":1},{"Conversion":1},{"TriAttack":42}]},{"name":"Omanyte","baseExp":71,"learnAtLevel":[{"HornAttack":34},{"Leer":39},{"WaterGun":1},{"HydroPump":53},{"Withdraw":1},{"SpikeCannon":46}]},{"name":"Omastar","baseExp":173,"learnAtLevel":[{"HornAttack":1},{"HornAttack":34},{"Leer":39},{"WaterGun":1},{"HydroPump":49},{"Withdraw":1},{"SpikeCannon":44}]},{"name":"Kabuto","baseExp":71,"learnAtLevel":[{"Scratch":1},{"Leer":44},{"HydroPump":49},{"Absorb":34},{"Harden":1},{"Slash":39}]},{"name":"Kabutops","baseExp":173,"learnAtLevel":[{"Scratch":1},{"Leer":46},{"HydroPump":53},{"Absorb":1},{"Absorb":34},{"Harden":1},{"Slash":39}]},{"name":"Aerodactyl","baseExp":180,"learnAtLevel":[{"WingAttack":1},{"TakeDown":45},{"Bite":38},{"Supersonic":33},{"HyperBeam":54},{"Agility":1}]},{"name":"Snorlax","baseExp":189,"learnAtLevel":[{"Headbutt":1},{"BodySlam":35},{"DoubleEdge":48},{"HyperBeam":56},{"Harden":41},{"Amnesia":1},{"Rest":1}]},{"name":"Articuno","baseExp":261,"learnAtLevel":[{"Mist":60},{"IceBeam":1},{"Blizzard":51},{"Peck":1},{"Agility":55}]},{"name":"Zapdos","baseExp":261,"learnAtLevel":[{"DrillPeck":1},{"ThunderShock":1},{"Thunder":51},{"Agility":55},{"LightScreen":60}]},{"name":"Moltres","baseExp":261,"learnAtLevel":[{"Leer":51},{"Peck":1},{"FireSpin":1},{"Agility":55},{"SkyAttack":60}]},{"name":"Dratini","baseExp":60,"learnAtLevel":[{"Slam":30},{"Wrap":1},{"Leer":1},{"HyperBeam":50},{"DragonRage":40},{"ThunderWave":10},{"Agility":20}]},{"name":"Dragonair","baseExp":147,"learnAtLevel":[{"Slam":35},{"Wrap":1},{"Leer":1},{"HyperBeam":55},{"DragonRage":45},{"ThunderWave":1},{"ThunderWave":10},{"Agility":20}]},{"name":"Dragonite","baseExp":270,"learnAtLevel":[{"Slam":35},{"Wrap":1},{"Leer":1},{"HyperBeam":60},{"DragonRage":45},{"ThunderWave":1},{"ThunderWave":10},{"Agility":1},{"Agility":20}]},{"name":"Mewtwo","baseExp":306,"learnAtLevel":[{"Disable":1},{"Mist":75},{"Confusion":1},{"Psychic":1},{"Psychic":66},{"Recover":70},{"Barrier":63},{"Swift":1},{"Amnesia":81}]},{"name":"Mew","baseExp":270,"learnAtLevel":[{"Pound":1},{"MegaPunch":20},{"Psychic":40},{"Metronome":30},{"Transform":10}]}]