{
 "ambient.aperture.loop": {
    "sounds": [
      {
        "name": "chelley:aperture/ambience",
        "stream": true,
        "volume": 0.5
      }
    ]
  },
  "music.aperture": {
    "sounds": [
      {
        "name": "chelley:aperture/taste_of_blood",
        "stream": true,
        "volume": 0.2
      },
      {
        "name": "chelley:aperture/self_esteem_fund",
        "stream": true,
        "volume": 0.2
      },
      {
        "name": "chelley:aperture/stop_what_you_are_doing",
        "stream": true,
        "volume": 0.2
      },
      {
        "name": "chelley:aperture/i_am_different",
        "stream": true,
        "volume": 0.2
      },
      {
        "name": "chelley:aperture/technical_difficulties",
        "stream": true,
        "volume": 0.2
      },
      {
        "name": "chelley:aperture/overgrowth",
        "stream": true,
        "volume": 0.2
      }
    ]
  },


  "glados": {
    "sounds": [
      {
        "name": "chelley:glados/horribleperson",
        "volume": 0.55,
        "weight": 10
      },
      {
        "name": "chelley:glados/guiltyconscience",
        "volume": 0.55,
        "weight": 10
      },
      {
        "name": "chelley:glados/thatsyou",
        "volume": 0.55,
        "weight": 10
      },
      {
        "name": "chelley:glados/pastprez",
        "volume": 0.55,
        "weight": 10
      },
      {
        "name": "chelley:glados/mutuallyexclusive",
        "volume": 0.55,
        "weight": 10
      }
   ],
   "subtitle": "GLaDOS gives insults"
 },
 "cave": {
    "sounds": [
      "minecraft:ambient/cave/cave1",
      "minecraft:ambient/cave/cave2",
      "minecraft:ambient/cave/cave3",
      "minecraft:ambient/cave/cave4",
      "minecraft:ambient/cave/cave5",
      "minecraft:ambient/cave/cave6",
      "minecraft:ambient/cave/cave7",
      "minecraft:ambient/cave/cave8",
      "minecraft:ambient/cave/cave9",
      "minecraft:ambient/cave/cave10",
      "minecraft:ambient/cave/cave11",
      "minecraft:ambient/cave/cave12",
      "minecraft:ambient/cave/cave13",
      "minecraft:ambient/cave/cave14",
      "minecraft:ambient/cave/cave15",
      "minecraft:ambient/cave/cave16",
      "minecraft:ambient/cave/cave17",
      "minecraft:ambient/cave/cave18",
      "minecraft:ambient/cave/cave19",
      "minecraft:ambient/cave/cave20",
      "minecraft:ambient/cave/cave21",
      "minecraft:ambient/cave/cave22",
      "minecraft:ambient/cave/cave23"
    ],
    "subtitle": "Cave Johnson rants"
  },

 "amogus.admin_card":
 {
     "sounds": [ "chelley:amogus/admin_card"]
 },
  "amogus.body_found":
 {
     "sounds": [ "chelley:amogus/body_found"]
 },
  "amogus.disconnect":
 {
     "sounds": [ "chelley:amogus/disconnect"]
 },
   "amogus.door":
 {
     "sounds": [ "chelley:amogus/door"]
 },
   "amogus.emergency_meeting":
 {
     "sounds": [ "chelley:amogus/emergency_meeting"]
 },
  "amogus.kill":
 {
     "sounds": [ "chelley:amogus/kill"]
 },
  "amogus.player_dead":
 {
     "sounds": [ "chelley:amogus/player_dead"]
 },
   "amogus.sabotage":
 {
     "sounds": [ "chelley:amogus/sabotage"]
 },
   "amogus.spawn":
 {
     "sounds": [ "chelley:amogus/spawn"]
 },
    "amogus.start":
 {
     "sounds": [ "chelley:amogus/start"]
 },
     "amogus.stinger":
 {
     "sounds": [ "chelley:amogus/stinger"]
 },
    "amogus.task":
 {
     "sounds": [ "chelley:amogus/task"]
 },
"amogus.vent":
 {
     "sounds": [ "chelley:amogus/vent"]
 },
 "amogus.victory_crew":
 {
     "sounds": [ "chelley:amogus/victory_crew"]
 },
  "amogus.victory_impostor":
 {
     "sounds": [ "chelley:amogus/victory_impostor"]
 },
  "amogus.vote":
 {
     "sounds": [ "chelley:amogus/vote"]
 },


 "music_disc.radio":
 {
     "sounds": [
      {
        "name": "chelley:records/radio",
        "stream": true
      }
    ]
 },
 "music_disc.caramia":
 {
     "sounds": [
      {
        "name": "chelley:records/caramia",
        "stream": true
      }
    ]
 },
"music_disc.wantyougone":
 {
     "sounds": [
      {
        "name": "chelley:records/wantyougone",
        "stream": true
      }
    ]
 },
 "music_disc.stillalive":
 {
     "sounds": [
      {
        "name": "chelley:records/stillalive",
        "stream": true
      }
    ]
 },
 "music_disc.bluesky":
 {
     "sounds": [
      {
        "name": "chelley:records/bluesky",
        "stream": true
      }
    ]
 },
 "music_disc.requiem":
 {
     "sounds": [
      {
        "name": "chelley:records/requiem",
        "stream": true
      }
    ]
 },
 "music_disc.serenade":
 {
     "sounds": [
      {
        "name": "chelley:records/serenade",
        "stream": true
      }
    ]
 },
 "music_disc.vilify":
 {
     "sounds": [
      {
        "name": "chelley:records/vilify",
        "stream": true
      }
    ]
 }
}
